tweet_id,retweets,favorites
892420643555336193,7962,37195
892177421306343426,5910,31987
891815181378084864,3908,24089
891689557279858688,8114,40506
891327558926688256,8798,38736
891087950875897856,2925,19473
890971913173991426,1942,11361
890729181411237888,17738,62745
890609185150312448,4026,26786
890240255349198849,6930,30680
890006608113172480,6888,29517
889880896479866881,4691,26768
889665388333682689,9437,46219
889638837579907072,4232,26062
889531135344209921,2120,14541
889278841981685760,5036,24265
888917238123831296,4233,28004
888804989199671297,4003,24593
888554962724278272,3312,19036
888078434458587136,3269,20919
887705289381826560,5059,29038
887517139158093824,11029,44548
887473957103951883,16955,66246
887343217045368832,9826,32387
887101392804085760,5606,29397
886983233522544640,7225,33728
886736880519319552,3049,11562
886680336477933568,4189,21566
886366144734445568,2999,20346
886267009285017600,4,115
886258384151887873,5938,26907
886054160059072513,104,0
885984800019947520,6350,31360
885528943205470208,6023,34591
885518971528720385,3509,19670
885311592912609280,17432,0
885167619883638784,4118,21058
884925521741709313,17060,74390
884876753390489601,5270,26830
884562892145688576,4433,23367
884441805382717440,5347,26005
884247878851493888,19132,70072
884162670584377345,2807,19592
883838122936631299,3253,21015
883482846933004288,9320,44158
883360690899218434,3488,21812
883117836046086144,6262,35726
882992080364220416,3680,22995
882762694511734784,4611,27202
882627270321602560,5714,26862
882268110199369728,10908,43194
882045870035918850,4613,28211
881906580714921986,3205,23389
881666595344535552,10048,48729
881633300179243008,7,122
881536004380872706,15027,47558
881268444196462592,4936,22282
880935762899988482,2630,16387
880872448815771648,3597,20477
880465832366813184,5879,27436
880221127280381952,3968,25979
880095782870896641,4088,26586
879862464715927552,3289,21508
879674319642796034,10,302
879492040517615616,3000,22581
879415818425184262,41843,101907
879376492567855104,2942,16189
879130579576475649,6428,0
879050749262655488,4417,21697
879008229531029506,2540,18262
878776093423087618,3875,18670
878604707211726852,6733,29071
878404777348136964,1222,0
878316110768087041,6301,0
878281511006478336,1222,7438
878057613040115712,6428,40519
877736472329191424,17968,76688
877611172832227328,77,0
877556246731214848,3603,21874
877316821321428993,4891,26375
877201837425926144,5279,26131
876838120628539392,3156,19965
876537666061221889,4412,22733
876484053909872640,2257,18082
876120275196170240,4422,26931
875747767867523072,4039,24261
875144289856114688,4665,21153
875097192612077568,5751,26455
875021211251597312,4473,24568
874680097055178752,4393,26846
874434818259525634,13827,0
874296783580663808,3900,25121
874057562936811520,3758,21914
874012996292530176,9778,33293
873580283840344065,3733,23379
873337748698140672,1511,0
873213775632977920,1511,6956
872967104147763200,5137,26364
872820683541237760,3528,14231
872620804844003328,3481,20070
872486979161796608,8584,39371
872122724285648897,7724,33261
871879754684805121,10527,36563
871762521631449091,3318,19605
871515927908634625,3301,19521
871166179821445120,5447,0
871102520638267392,5255,20283
871032628920680449,3643,21990
870804317367881728,5913,32603
870726314365509632,3,118
870656317836468226,2528,12019
870374049280663552,25256,80348
870308999962521604,3975,21231
870063196459192321,7957,35531
869772420881756160,9665,41261
869702957897576449,6055,27431
869596645499047938,3005,15526
869227993411051520,3629,19859
868880397819494401,13856,63726
868639477480148993,1998,0
868622495443632128,5101,26004
868552278524837888,1998,9843
867900495410671616,4024,23573
867774946302451713,7073,33063
867421006826221569,2406,15700
867072653475098625,118,0
867051520902168576,7587,31424
866720684873056260,4626,19559
866686824827068416,3352,18814
866450705531457537,34027,119441
866334964761202691,13827,51269
866094527597207552,8098,0
865718153858494464,5441,25067
865359393868664832,4840,25876
865006731092295680,7439,27392
864873206498414592,8418,31572
864279568663928832,2931,14280
864197398364647424,8611,29444
863907417377173506,4007,20186
863553081350529029,4062,14969
863471782782697472,2366,0
863432100342583297,5088,23346
863427515083354112,93,2192
863079547188785154,1076,8597
863062471531167744,2366,8318
862831371563274240,5004,18811
862722525377298433,3435,16754
862457590147678208,4812,20102
862096992088072192,22569,73160
861383897657036800,10435,35482
861288531465048066,4035,16913
861005113778896900,3720,16430
860981674716409858,2104,0
860924035999428608,788,0
860563773140209665,2104,7396
860524505164394496,5168,23275
860276583193509888,3412,18051
860184849394610176,5720,16417
860177593139703809,30258,0
859924526012018688,4006,19290
859851578198683649,3440,15202
859607811541651456,1535,18336
859196978902773760,29546,88805
859074603037188101,13348,33437
858860390427611136,7984,0
858843525470990336,3431,15365
858471635011153920,4774,21248
858107933456039936,2867,15552
857989990357356544,2552,15946
857746408056729600,10457,33886
857393404942143489,1618,5836
857263160327368704,4451,19838
857214891891077121,17,227
857062103051644929,169,0
857029823797047296,3954,18764
856543823941562368,2848,16152
856526610513747968,1857,11765
856330835276025856,657,0
856288084350160898,15,511
856282028240666624,6218,27558
855862651834028034,26,340
855860136149123072,999,4959
855857698524602368,2098,11800
855851453814013952,17767,45345
855818117272018944,5391,26497
855459453768019968,8161,29781
855245323840757760,5931,0
855138241867124737,44,0
854732716440526848,6031,22769
854482394044301312,6859,29244
854365224396361728,4669,18865
854120357044912130,7465,31963
854010172552949760,3153,16205
853760880890318849,5744,28609
853639147608842240,10092,34847
853299958564483072,3557,15552
852936405516943360,2008,0
852912242202992640,1831,9094
852672615818899456,2158,14977
852553447878664193,3508,16409
852311364735569921,9961,33299
852226086759018497,6867,20111
852189679701164033,1592,11515
851861385021730816,20,0
851591660324737024,3501,16356
851464819735769094,7105,24409
851224888060895234,5763,20813
850753642995093505,9237,31162
850380195714523136,2641,13196
850333567704068097,336,3483
850145622816686080,3838,16486
850019790995546112,4919,20618
849776966551130114,7670,30811
849668094696017920,5011,0
849412302885593088,3185,16036
849336543269576704,1929,11533
849051919805034497,8587,42853
848690551926992896,4380,25492
848324959059550208,4661,25054
848213670039564288,746,8291
848212111729840128,3094,16539
847978865427394560,3302,0
847971574464610304,436,0
847962785489326080,5166,23838
847842811428974592,1348,5526
847617282490613760,424,7087
847606175596138505,3467,19040
847251039262605312,4350,20772
847157206088847362,5960,20220
847116187444137987,3241,21748
846874817362120707,3979,20389
846514051647705089,11774,45315
846505985330044928,3125,14326
846153765933735936,9216,32185
846139713627017216,10129,31450
846042936437604353,2927,16266
845812042753855489,8868,29754
845677943972139009,4876,25596
845397057150107648,1842,7763
845306882940190720,5485,23749
845098359547420673,7805,0
844979544864018432,2605,13875
844973813909606400,3270,15379
844580511645339650,3196,16789
844223788422217728,2245,13896
843981021012017153,2998,15438
843856843873095681,4722,21861
843604394117681152,2800,17211
843235543001513987,6153,21950
842846295480000512,3705,15535
842765311967449089,1314,6887
842535590457499648,3587,18463
842163532590374912,5931,24986
842115215311396866,3106,14294
841833993020538882,15550,0
841680585030541313,7968,26244
841439858740625411,3773,12917
841320156043304961,5624,20214
841314665196081154,4789,16169
841077006473256960,5447,23364
840761248237133825,1800,0
840728873075638272,16574,0
840698636975636481,2,180
840696689258311684,1002,12566
840632337062862849,1800,9186
840370681858686976,4674,16838
840268004936019968,5872,19724
839990271299457024,2348,13742
839549326359670784,7984,28149
839290600511926273,146,0
839239871831150596,6701,27869
838952994649550848,4094,20106
838921590096166913,2114,11434
838916489579200512,35,0
838831947270979586,11334,0
838561493054533637,1368,11191
838476387338051585,4924,23146
838201503651401729,10352,0
838150277551247360,341,1715
838085839343206401,1,145
838083903487373313,3239,18070
837820167694528512,8098,35053
837482249356513284,452,3932
837471256429613056,2339,13124
837110210464448512,2445,16465
836989968035819520,2352,13062
836753516572119041,4781,19797
836677758902222849,2287,12949
836648853927522308,566,0
836397794269200385,28450,0
836380477523124226,3070,15146
836260088725786625,4426,21864
836001077879255040,4393,19605
835685285446955009,8396,0
835574547218894849,3728,18275
835536468978302976,1755,0
835309094223372289,21712,0
835297930240217089,3098,16908
835264098648616962,1755,7944
835246439529840640,73,2160
835172783151792128,5946,26875
835152434251116546,3121,23081
834931633769889797,1705,11128
834786237630337024,5652,21860
834574053763584002,2617,14062
834477809192075265,11031,0
834458053273591808,1737,9893
834209720923721728,4921,21215
834167344700198914,3774,16242
834089966724603904,2198,10332
834086379323871233,2280,13432
833863086058651648,2482,13796
833826103416520705,3881,18532
833732339549220864,224,0
833722901757046785,3326,21356
833479644947025920,2116,15276
833124694597443584,5011,20779
832998151111966721,2286,13685
832769181346996225,39,0
832757312314028032,3742,17330
832682457690300417,3037,12227
832645525019123713,543,3019
832636094638288896,2883,16311
832397543355072512,2289,12294
832369877331693569,3302,17690
832273440279240704,2415,11657
832215909146226688,6435,0
832215726631055365,9709,0
832088576586297345,2,67
832040443403784192,10003,0
832032802820481025,4835,18394
831939777352105988,6361,24734
831926988323639298,34,352
831911600680497154,6751,28515
831670449226514432,1880,10771
831650051525054464,2008,7401
831552930092285952,2382,9268
831322785565769729,1600,9517
831315979191906304,1161,6740
831309418084069378,2547,12115
831262627380748289,2122,12288
830956169170665475,1548,8214
830583320585068544,17432,69019
830173239259324417,5915,0
830097400375152640,3082,10146
829878982036299777,5220,0
829861396166877184,2030,12627
829501995190984704,11031,32800
829449946868879360,2103,10809
829141528400556032,7667,25253
829011960981237760,16942,54792
828801551087042563,3541,0
828770345708580865,6111,26397
828708714936930305,11670,37800
828650029636317184,1409,9834
828409743546925057,1205,6535
828408677031882754,1341,7932
828381636999917570,2303,13060
828376505180889089,1111,7643
828372645993398273,3060,12992
828361771580813312,177,2281
828046555563323392,2978,12162
828011680017821696,2236,10708
827933404142436356,5443,20799
827653905312006145,3123,15989
827600520311402496,979,7664
827324948884643840,3175,16387
827199976799354881,2334,10939
826958653328592898,5220,22324
826848821049180160,10620,37690
826615380357632002,4146,0
826598799820865537,264,5280
826598365270007810,2443,10406
826476773533745153,4395,19066
826240494070030336,2708,13755
826204788643753985,968,5044
826115272272650244,3269,16193
825876512159186944,1952,10826
825829644528148480,2588,13181
825535076884762624,18033,54050
825147591692263424,4751,18970
825120256414846976,1330,0
825026590719483904,1330,6569
824796380199809024,5737,0
824775126675836928,3675,15484
824663926340194305,1814,10453
824325613288833024,10934,12251
824297048279236611,4031,15620
824025158776213504,618,4971
823939628516474880,2830,11024
823719002937630720,11711,0
823699002998870016,2629,14447
823581115634085888,2752,13516
823333489516937216,26,725
823322678127919110,4205,16323
823269594223824897,10338,0
822975315408461824,3599,17939
822872901745569793,45381,136987
822859134160621569,2397,13762
822647212903690241,6693,0
822610361945911296,3088,15354
822489057087389700,6693,18854
822462944365645825,15132,29369
822244816520155136,10338,36346
822163064745328640,5022,0
821886076407029760,2430,11780
821813639212650496,3503,0
821765923262631936,1726,8739
821522889702862852,1848,8341
821421320206483457,5854,0
821407182352777218,4538,12239
821153421864615936,10,264
821149554670182400,2098,9028
821107785811234820,2232,9967
821044531881721856,2395,13151
820837357901512704,7052,0
820749716845686786,10352,32791
820690176645140481,3381,12685
820494788566847489,592,0
820446719150292993,2694,0
820314633777061888,592,3469
820078625395449857,6566,20611
820013781606658049,1239,0
819952236453363712,1239,5536
819924195358416896,5103,13408
819711362133872643,3258,13991
819588359383371776,2073,9988
819347104292290561,1261,7511
819238181065359361,427,2377
819227688460238848,7052,24038
819015337530290176,38589,0
819015331746349057,19827,0
819006400881917954,19827,47068
819004803107983360,38589,90384
818646164899774465,21999,0
818627210458333184,7904,23277
818614493328580609,2700,10251
818588835076603904,6453,0
818536468981415936,2597,11365
818307523543449600,8520,0
818259473185828864,2397,11479
818145370475810820,2707,12780
817908911860748288,837,5050
817827839487737858,28450,53913
817777686764523521,2833,11171
817536400337801217,3130,12280
817502432452313088,3568,0
817423860136083457,15550,35459
817415592588222464,1005,5845
817181837579653120,8906,0
817171292965273600,2123,9110
817120970343411712,2734,12706
817056546584727552,1727,8948
816829038950027264,4955,0
816816676327063552,2147,10452
816697700272001025,2301,10206
816450570814898180,8520,31853
816336735214911488,2048,8970
816091915477250048,2253,9310
816062466425819140,1085,0
816014286006976512,5547,0
815990720817401858,1085,5188
815966073409433600,8906,23360
815745968457060357,4359,0
815736392542261248,2384,10269
815639385530101762,1729,8578
815390420867969024,3997,10817
814986499976527872,1353,7980
814638523311648768,2850,11763
814578408554463233,6128,0
814530161257443328,1950,9024
814153002265309185,9144,30062
813944609378369540,3355,0
813910438903693312,1970,9712
813812741911748608,14713,38018
813800681631023104,1855,8707
813217897535406080,7683,19492
813202720496779264,1894,9615
813187593374461952,4603,20746
813172488309972993,2020,9719
813157409116065792,2330,8110
813142292504645637,2499,8834
813130366689148928,474,4674
813127251579564032,3293,12385
813112105746448384,2897,10767
813096984823349248,3805,10991
813081950185472002,2917,10325
813066809284972545,2055,8324
813051746834595840,7746,21897
812781120811126785,2018,7926
812709060537683968,1508,6926
812503143955202048,1295,6339
812466873996607488,2033,8337
812372279581671427,3868,14318
811985624773361665,1483,7588
811744202451197953,1683,7896
811647686436880384,783,5850
811627233043480576,3274,13355
811386762094317568,6734,21856
810984652412424192,1523,5589
810896069567610880,1871,9456
810657578271330305,2802,11483
810284430598270976,11977,36958
810254108431155201,3541,15358
809920764300447744,4146,16199
809808892968534016,5161,0
809448704142938112,1546,7265
809220051211603969,5915,20841
809084759137812480,3718,13831
808838249661788160,3223,10575
808733504066486276,2289,8288
808501579447930884,2749,11822
808344865868283904,21999,44547
808134635716833280,6270,0
808106460588765185,2337,9180
808001312164028416,3737,13158
807621403335917568,3857,15247
807106840509214720,58641,124158
807059379405148160,7737,0
807010152071229440,4067,13679
806629075125202948,36674,78454
806620845233815552,5843,0
806576416489959424,2054,5097
806542213899489280,2490,10707
806242860592926720,12292,0
806219024703037440,1256,6733
805958939288408065,5666,0
805932879469572096,2022,8669
805826884734976000,1929,6883
805823200554876929,8490,0
805520635690676224,1743,6017
805487436403003392,2678,9204
805207613751304193,1807,8168
804738756058218496,4058,14347
804475857670639616,2128,6415
804413760345620481,3406,0
804026241225523202,17066,46714
803773340896923648,2913,10521
803692223237865472,7835,0
803638050916102144,4360,11482
803380650405482500,1963,8122
803321560782307329,5621,0
803276597545603072,2601,10508
802952499103731712,2118,9450
802624713319034886,3078,0
802600418706604034,1554,7447
802572683846291456,2654,9372
802323869084381190,6159,16984
802265048156610565,1440,6921
802239329049477120,2760,9498
802185808107208704,280,0
801958328846974976,1802,8099
801854953262350336,249,1850
801538201127157760,2182,8586
801285448605831168,870,6342
801167903437357056,6270,25689
801127390143516673,4183,0
801115127852503040,2218,8463
800859414831898624,101,720
800855607700029440,1702,0
800751577355128832,2944,11036
800513324630806528,3169,13758
800459316964663297,2282,9946
800443802682937345,4557,0
800388270626521089,2965,11691
800188575492947969,4178,0
800141422401830912,2694,16056
800018252395122689,13923,29776
799774291445383169,4948,0
799757965289017345,2286,8794
799422933579902976,2038,8446
799308762079035393,5797,0
799297110730567681,2922,10371
799063482566066176,2612,8462
798933969379225600,4741,13752
798925684722855936,1513,7818
798705661114773508,6997,0
798701998996647937,8227,0
798697898615730177,6865,0
798694562394996736,5247,0
798686750113755136,2461,0
798682547630837760,4980,0
798673117451325440,5872,0
798665375516884993,4119,0
798644042770751489,1963,0
798628517273620480,2085,0
798585098161549313,6033,0
798576900688019456,6179,0
798340744599797760,3551,0
798209839306514432,2708,10896
797971864723324932,3302,12202
797545162159308800,5135,15215
797236660651966464,7001,20928
797165961484890113,28,236
796904159865868288,9414,0
796865951799083009,2019,8051
796759840936919040,3235,12419
796563435802726400,7700,0
796484825502875648,1863,7957
796387464403357696,4396,11537
796177847564038144,15114,0
796149749086875649,15114,33877
796125600683540480,1903,5192
796116448414461957,2558,9566
796080075804475393,2456,8876
796031486298386433,3925,11336
795464331001561088,25068,52173
795400264262053889,3051,10577
795076730285391872,5737,16997
794983741416415232,3560,0
794926597468000259,2437,10773
794355576146903043,10887,0
794332329137291264,2815,10047
794205286408003585,3506,9648
793962221541933056,5161,17625
793845145112371200,1976,9668
793614319594401792,3306,0
793601777308463104,1719,8371
793500921481273345,2516,11204
793286476301799424,9709,25797
793271401113350145,2520,9095
793256262322548741,8818,20963
793241302385262592,3470,11033
793226087023144960,3037,10327
793210959003287553,2958,9367
793195938047070209,5948,16029
793180763617361921,2111,7274
793165685325201412,2938,9876
793150605191548928,1800,6486
793135492858580992,2623,6777
793120401413079041,4134,13316
792913359805018113,4210,15033
792883833364439040,4510,11854
792773781206999040,1777,7706
792394556390137856,4529,14084
792050063153438720,1913,7514
791821351946420224,22263,0
791784077045166082,10157,0
791780927877898241,4021,0
791774931465953280,23463,47318
791672322847637504,3306,12308
791406955684368384,4359,13756
791312159183634433,2678,9203
791026214425268224,4341,0
790987426131050500,2246,10345
790946055508652032,4955,17447
790723298204217344,2448,0
790698755171364864,2027,8589
790581949425475584,7582,21671
790337589677002753,1977,8187
790277117346975746,3355,13158
790227638568808452,3774,0
789986466051088384,2448,9686
789960241177853952,4355,0
789903600034189313,4360,10870
789628658055020548,1877,7867
789599242079838210,2030,7084
789530877013393408,3560,12331
789314372632018944,2415,9042
789280767834746880,5220,0
789268448748703744,2746,9537
789137962068021249,2955,10165
788908386943430656,13120,28706
788765914992902144,10887,28717
788552643979468800,7610,0
788412144018661376,5561,16315
788178268662984705,2217,7568
788150585577050112,1364,6420
788070120937619456,3615,0
788039637453406209,1393,6435
787810552592695296,3236,9078
787717603741622272,2932,10713
787397959788929025,2993,11370
787322443945877504,1841,8152
787111942498508800,7100,0
786963064373534720,8396,27849
786729988674449408,2537,0
786709082849828864,6435,19066
786664955043049472,2690,11133
786595970293370880,3283,9848
786363235746385920,3694,11410
786286427768250368,3012,8336
786233965241827333,5022,15997
786051337297522688,160,1492
786036967502913536,7428,0
785927819176054784,3341,11906
785872687017132033,1921,6995
785639753186217984,2342,8181
785533386513321988,2099,9524
785515384317313025,1333,6382
785264754247995392,1717,7585
785170936622350336,5099,12609
784826020293709826,3406,10586
784517518371221505,2665,9364
784431430411685888,1349,5952
784183165795655680,8490,21030
784057939640352768,11711,31187
783839966405230592,11334,31370
783821107061198850,2060,7681
783695101801398276,3375,10919
783466772167098368,2360,8830
783391753726550016,5779,17625
783347506784731136,5881,0
783334639985389568,12292,30486
783085703974514689,2332,8515
782969140009107456,7737,25205
782747134529531904,1473,7801
782722598790725632,5666,18032
782598640137187329,1976,8129
782305867769217024,5854,17389
782021823840026624,6516,0
781955203444699136,3533,11614
781661882474196992,2849,10908
781655249211752448,1179,4177
781524693396357120,5843,21657
781308096455073793,2679,7446
781251288990355457,2193,8801
781163403222056960,2869,10208
780931614150983680,7700,22558
780858289093574656,2107,7501
780800785462489090,1370,5730
780601303617732608,3503,12641
780543529827336192,1819,6573
780496263422808064,3877,0
780476555013349377,121,0
780459368902959104,1126,5512
780192070812196864,2347,9072
780092040432480260,2419,0
780074436359819264,5222,12752
779834332596887552,7428,19763
779377524342161408,3261,9193
779124354206535695,19278,0
779056095788752897,4748,15417
778990705243029504,7574,20849
778774459159379968,10413,0
778764940568104960,383,900
778748913645780993,1378,7186
778650543019483137,1581,6006
778624900596654080,1059,4825
778408200802557953,4545,14231
778396591732486144,12829,0
778383385161035776,1154,6087
778286810187399168,3454,10840
778039087836069888,2762,8843
778027034220126208,1701,6832
777953400541634568,3713,0
777885040357281792,1711,6628
777684233540206592,3078,11695
777641927919427584,4430,0
777621514455814149,2608,9131
777189768882946048,4502,14894
776819012571455488,14344,0
776813020089548800,1275,5080
776477788987613185,2909,9205
776249906839351296,9583,0
776218204058357768,16673,31200
776201521193218049,2636,10002
776113305656188928,4557,12230
776088319444877312,158,1913
775898661951791106,17196,0
775842724423557120,2800,12201
775733305207554048,4183,14411
775729183532220416,4809,13466
775364825476165632,3119,7709
775350846108426240,4083,10570
775085132600442880,4948,16191
774757898236878852,1858,8925
774639387460112384,1806,6987
774314403806253056,5797,22645
773985732834758656,4047,11148
773922284943896577,1827,6658
773704687002451968,1699,6875
773670353721753600,1362,5537
773547596996571136,6453,22990
773336787167145985,5321,0
773308824254029826,7805,24180
773247561583001600,3385,9800
773191612633579521,4321,10382
772877495989305348,4053,8904
772826264096874500,2449,8349
772615324260794368,3525,0
772581559778025472,1765,6746
772193107915964416,1449,6283
772152991789019136,1176,3946
772117678702071809,773,3920
772114945936949249,488,2816
772102971039580160,971,4164
771908950375665664,1982,6833
771770456517009408,3551,12464
771500966810099713,2720,8580
771380798096281600,5321,10896
771171053431250945,7847,0
771136648247640064,3049,9504
771102124360998913,1498,6484
771014301343748096,1720,7147
770787852854652928,1260,5133
770772759874076672,1479,5382
770655142660169732,1830,7596
770414278348247044,2177,6547
770293558247038976,1548,6479
770093767776997377,3189,0
770069151037685760,2397,7862
769940425801170949,10003,32586
769695466921623552,1734,6629
769335591808995329,8042,0
769212283578875904,1787,5609
768970937022709760,6803,14965
768909767477751808,2803,0
768855141948723200,927,4359
768609597686943744,1252,4271
768596291618299904,1335,5224
768554158521745409,6071,0
768473857036525572,3585,14153
768193404517830656,3713,11306
767884188863397888,1448,4935
767754930266464257,5621,16628
767500508068192258,2436,7766
767191397493538821,3944,12743
767122157629476866,2974,10522
766864461642756096,5886,0
766793450729734144,1411,5267
766714921925144576,394,2701
766693177336135680,827,4170
766423258543644672,1660,6243
766313316352462849,1962,7044
766078092750233600,2727,0
766069199026450432,890,4411
766008592277377025,518,3891
765719909049503744,2230,7507
765669560888528897,1266,5385
765395769549590528,3527,27475
765371061932261376,2252,7346
765222098633691136,3525,12046
764857477905154048,1839,6676
764259802650378240,1568,6249
763956972077010945,57,774
763837565564780549,4341,13038
763183847194451968,1538,5587
763167063695355904,3149,0
763103485927849985,2373,7624
762699858130116608,3774,12604
762471784394268675,6721,11663
762464539388485633,4355,10670
762316489655476224,1164,4972
762035686371364864,16214,33096
761976711479193600,2090,5586
761750502866649088,4081,0
761745352076779520,891,4414
761672994376806400,30258,51291
761599872357261312,1227,4270
761371037149827077,18784,0
761334018830917632,1506,5381
761292947749015552,1130,4625
761227390836215808,1622,5494
761004547850530816,3615,11736
760893934457552897,1015,3953
760656994973933572,1982,6848
760641137271070720,1339,5138
760539183865880579,3767,7855
760521673607086080,1451,4383
760290219849637889,11964,27758
760252756032651264,901,4084
760190180481531904,1875,5898
760153949710192640,31,0
759943073749200896,2166,6141
759923798737051648,5886,15178
759846353224826880,2054,6942
759793422261743616,1970,6166
759566828574212096,21926,0
759557299618865152,1224,4862
759447681597108224,2537,8790
759446261539934208,504,1725
759197388317847553,2019,6273
759159934323924993,1211,0
759099523532779520,4330,15006
759047813560868866,2104,6723
758854675097526272,928,3668
758828659922702336,3992,11571
758740312047005698,1670,5921
758474966123810816,1036,3937
758467244762497024,2311,4965
758405701903519748,1997,5376
758355060040593408,1123,3530
758099635764359168,10413,19790
758041019896193024,387,2791
757741869644341248,3372,7107
757729163776290825,8332,0
757725642876129280,1259,4689
757611664640446465,1147,4718
757597904299253760,307,0
757596066325864448,1088,4481
757400162377592832,7099,15655
757393109802180609,1799,6018
757354760399941633,1476,4672
756998049151549440,2059,6491
756939218950160384,2079,6862
756651752796094464,1355,5224
756526248105566208,3728,10749
756303284449767430,1131,4076
756288534030475264,18097,44246
756275833623502848,1586,6632
755955933503782912,2983,7574
755206590534418437,5542,16988
755110668769038337,11502,21932
754874841593970688,8228,0
754856583969079297,2613,7102
754747087846248448,542,2663
754482103782404096,2021,5480
754449512966619136,754,3872
754120377874386944,2439,8125
753655901052166144,2238,6021
753420520834629632,3691,8181
753398408988139520,1986,5961
753375668877008896,2419,7883
753298634498793472,5935,0
753294487569522689,1079,3489
753039830821511168,21712,38328
753026973505581056,1007,4031
752932432744185856,7100,13036
752917284578922496,1637,7116
752701944171524096,2974,0
752682090207055872,1653,6176
752660715232722944,1621,4527
752568224206688256,2368,5697
752519690950500352,3562,7600
752334515931054080,1141,3931
752309394570878976,16996,0
752173152931807232,1899,6121
751950017322246144,960,3159
751937170840121344,1384,5361
751830394383790080,2020,5973
751793661361422336,2999,6038
751598357617971201,3137,8157
751583847268179968,1145,4537
751538714308972544,1303,5201
751456908746354688,1035,3301
751251247299190784,6102,12892
751205363882532864,1888,6508
751132876104687617,1344,5213
750868782890057730,1427,4930
750719632563142656,5220,13587
750506206503038976,1182,4574
750429297815552001,4430,13570
750383411068534784,1188,4692
750381685133418496,29,724
750147208377409536,991,3204
750132105863102464,1339,3738
750117059602808832,1354,4464
750101899009982464,868,3135
750086836815486976,558,2235
750071704093859840,3450,8114
750056684286914561,929,3244
750041628174217216,642,3270
750026558547456000,811,2792
750011400160841729,937,3334
749996283729883136,842,3150
749981277374128128,2532,5259
749774190421639168,1359,4793
749417653287129088,1700,6281
749403093750648834,554,2701
749395845976588288,3560,8854
749317047558017024,2302,5649
749075273010798592,2138,5926
749064354620928000,1566,4937
749036806121881602,816,3195
748977405889503236,3515,11057
748932637671223296,2338,5999
748705597323898880,977,2844
748699167502000129,1649,4882
748692773788876800,1366,4364
748575535303884801,2046,6236
748568946752774144,687,2251
748346686624440324,1271,5367
748337862848962560,4233,7894
748324050481647620,783,3788
748307329658011649,730,3767
748220828303695873,8058,14560
747963614829678593,2213,5926
747933425676525569,2621,6808
747885874273214464,1008,3026
747844099428986880,771,2889
747816857231626240,1200,4976
747651430853525504,160,1422
747648653817413632,6026,13281
747600769478692864,568,2385
747594051852075008,1081,3784
747512671126323200,1646,5687
747461612269887489,1067,3974
747439450712596480,1974,5580
747242308580548608,2970,0
747219827526344708,1624,5428
747204161125646336,945,3472
747103485104099331,4088,9840
746906459439529985,308,2972
746872823977771008,2195,6144
746818907684614144,1785,5444
746790600704425984,1641,5004
746757706116112384,4021,9828
746726898085036033,1846,6212
746542875601690625,1926,5175
746521445350707200,1013,0
746507379341139972,1111,4772
746369468511756288,1685,6340
746131877086527488,2281,7098
746056683365994496,836,3642
745789745784041472,1099,4129
745712589599014916,2395,7176
745433870967832576,2621,7271
745422732645535745,2502,8820
745314880350101504,2850,7368
745074613265149952,3621,8037
745057283344719872,2342,7422
744995568523612160,639,3043
744971049620602880,2763,8091
744709971296780288,1614,5753
744334592493166593,2189,6960
744234799360020481,80421,160722
744223424764059648,377,1718
743980027717509120,1129,4270
743895849529389061,985,3733
743835915802583040,2150,0
743609206067040256,1414,4599
743595368194129920,6746,18918
743545585370791937,970,3629
743510151680958465,3812,8108
743253157753532416,1259,4334
743222593470234624,1951,6364
743210557239623680,1410,3949
742534281772302336,3659,7231
742528092657332225,2033,4537
742465774154047488,3989,7442
742423170473463808,3877,10062
742385895052087300,2031,6979
742161199639494656,1420,4457
742150209887731712,1584,5265
741793263812808706,1553,4660
741743634094141440,2844,8384
741438259667034112,855,3760
741303864243200000,3315,9001
741099773336379392,5673,10256
741067306818797568,3189,9711
740995100998766593,2822,6531
740711788199743490,964,3496
740699697422163968,805,2908
740676976021798912,6997,18609
740373189193256964,13664,35726
740365076218183684,441,2528
740359016048689152,881,3377
740214038584557568,2022,6855
739979191639244800,6071,20463
739932936087216128,1108,4142
739844404073074688,880,3899
739623569819336705,1398,3872
739606147276148736,1698,5495
739544079319588864,21925,40582
739485634323156992,3015,7335
739238157791694849,59610,118721
738891149612572673,6,112
738885046782832640,1173,3855
738883359779196928,821,3387
738537504001953792,1589,5219
738402415918125056,860,3315
738184450748633089,1243,4414
738166403467907072,3466,8996
738156290900254721,663,2568
737826014890496000,1808,5388
737800304142471168,3563,10221
737678689543020544,1365,5152
737445876994609152,4575,10501
737322739594330112,835,3683
737310737551491075,7597,15018
736736130620620800,1781,4389
736392552031657984,7610,18124
736365877722001409,1277,4074
736225175608430592,2847,8302
736010884653420544,3072,8078
735991953473572864,1183,3676
735648611367784448,1131,4107
735635087207878657,2401,6317
735274964362878976,5180,13302
735256018284875776,905,3410
735137028879360001,992,3197
734912297295085568,536,2803
734787690684657664,6437,12842
734776360183431168,555,2566
734559631394082816,407,1522
733828123016450049,804,3657
733822306246479872,1037,3749
733482008106668032,971,3210
733460102733135873,1316,4301
733109485275860992,17196,50362
732732193018155009,550,2493
732726085725589504,909,3620
732585889486888962,790,3760
732375214819057664,2580,8266
732005617171337216,5547,15246
731285275100512256,1006,3561
731156023742988288,1302,3915
730924654643314689,2028,6275
730573383004487680,2178,5018
730427201120833536,1070,3559
730211855403241472,1076,3908
730196704625098752,1962,4966
729854734790754305,1158,4134
729838605770891264,393,1749
729823566028484608,1273,4070
729463711119904772,2368,5922
729113531270991872,331,1920
728986383096946689,836,3216
728760639972315136,1752,4771
728751179681943552,690,2833
728653952833728512,1058,3379
728409960103686147,2056,5021
728387165835677696,982,3757
728046963732717569,1215,4412
728035342121635841,1700,4657
728015554473250816,1132,4192
727685679342333952,652,3010
727644517743104000,1787,6013
727524757080539137,1250,4561
727314416056803329,761,3404
727286334147182592,829,3106
727175381690781696,1416,3979
727155742655025152,1362,3714
726935089318363137,2506,7039
726887082820554753,1552,3911
726828223124897792,1023,3635
726224900189511680,1172,4502
725842289046749185,2727,7191
725786712245440512,1394,4236
725729321944506368,1830,5296
725458796924002305,631,1439
724983749226668032,1341,3797
724771698126512129,653,2418
724405726123311104,1679,5392
724049859469295616,1818,4410
724046343203856385,572,2709
724004602748780546,1602,4256
723912936180330496,1261,3979
723688335806480385,3016,7840
723673163800948736,911,3078
723179728551723008,1898,5395
722974582966214656,1592,4189
722613351520608256,1668,5068
721503162398597120,1903,4732
721001180231503872,626,2583
720785406564900865,784,3179
720775346191278080,680,2538
720415127506415616,1530,4219
720389942216527872,2560,6519
720340705894408192,998,2933
720059472081784833,1140,3955
720043174954147842,2055,5011
719991154352222208,1781,4933
719704490224398336,1474,4654
719551379208073216,1955,5158
719367763014393856,756,2853
719339463458033665,1272,4509
719332531645071360,973,3492
718971898235854848,1097,3558
718939241951195136,1801,5352
718631497683582976,8227,19230
718613305783398402,490,2481
718540630683709445,1036,2527
718460005985447936,535,2759
718454725339934721,1536,4959
718246886998687744,511,1973
718234618122661888,1022,3960
717841801130979328,611,2509
717790033953034240,1141,2942
717537687239008257,1883,5883
717428917016076293,457,1645
717421804990701568,862,3219
717047459982213120,1969,6409
717009362452090881,991,3322
716802964044845056,1199,4386
716791146589110272,1561,7448
716730379797970944,440,1262
716447146686459905,6007,13341
716439118184652801,214,2422
716285507865542656,1092,2829
716080869887381504,1949,6877
715928423106027520,895,3262
715758151270801409,1463,3803
715733265223708672,1719,4763
715704790270025728,574,2866
715696743237730304,1320,3988
715680795826982913,1650,4412
715360349751484417,1608,5583
715342466308784130,705,3100
715220193576927233,666,2466
715200624753819648,1926,5247
715009755312439296,1261,4257
714982300363173890,1056,3827
714962719905021952,4377,7511
714957620017307648,1439,4213
714631576617938945,1023,3337
714606013974974464,943,3708
714485234495041536,1162,2750
714258258790387713,729,3087
714251586676113411,846,3345
714214115368108032,894,2322
714141408463036416,1427,4391
713919462244790272,797,3362
713909862279876608,546,1960
713900603437621249,755,2902
713761197720473600,1404,4983
713411074226274305,1322,4520
713177543487135744,2899,7379
713175907180089344,1495,4560
712809025985978368,6865,18942
712717840512598017,5104,12607
712668654853337088,1235,4265
712438159032893441,1594,5447
712309440758808576,25,247
712097430750289920,1062,3869
712092745624633345,908,3006
712085617388212225,495,3328
712065007010385924,641,2314
711998809858043904,130,0
711968124745228288,2364,8243
711743778164514816,1008,2910
711732680602345472,4212,9071
711694788429553666,18784,33578
711652651650457602,936,3936
711363825979756544,1163,3741
711306686208872448,746,3388
711008018775851008,624,3055
710997087345876993,1405,4667
710844581445812225,710,2606
710833117892898816,545,2748
710658690886586372,572,2365
710609963652087808,2427,4898
710588934686908417,1911,4647
710296729921429505,756,2428
710283270106132480,529,2194
710272297844797440,1274,4631
710269109699739648,1151,2448
710153181850935296,911,2968
710140971284037632,905,2830
710117014656950272,2035,5622
709918798883774466,1085,3058
709901256215666688,102,689
709852847387627521,1225,3599
709566166965075968,1228,3619
709556954897764353,1090,3368
709519240576036864,240,1525
709449600415961088,589,2286
709409458133323776,699,2676
709225125749587968,582,2458
709207347839836162,5950,12856
709198395643068416,658,2481
709179584944730112,684,2054
709158332880297985,426,2089
709042156699303936,1675,4856
708853462201716736,668,1833
708845821941387268,915,3064
708834316713893888,511,1720
708810915978854401,7093,16849
708738143638450176,839,2811
708711088997666817,737,2608
708479650088034305,689,2613
708469915515297792,835,3166
708400866336894977,10333,16362
708356463048204288,1351,3676
708349470027751425,755,2401
708149363256774660,1588,4371
708130923141795840,863,3469
708119489313951744,1005,2749
708109389455101952,557,1986
708026248782585858,1967,4476
707995814724026368,1149,3208
707983188426153984,2,51
707969809498152960,987,2766
707776935007539200,970,3352
707741517457260545,628,2548
707738799544082433,2531,4185
707693576495472641,1022,3498
707629649552134146,902,2628
707610948723478529,6516,17345
707420581654872064,708,2327
707411934438625280,608,2344
707387676719185920,1321,3584
707377100785885184,1107,3356
707315916783140866,661,2536
707297311098011648,808,2845
707059547140169728,691,2646
707038192327901184,806,2239
707021089608753152,1404,4177
707014260413456384,604,2352
706904523814649856,8042,14925
706901761596989440,609,2111
706681918348251136,995,3399
706644897839910912,1125,2635
706593038911545345,646,2209
706538006853918722,1459,3542
706516534877929472,1053,3172
706346369204748288,948,3530
706310011488698368,8154,21862
706291001778950144,483,1737
706265994973601792,952,2795
706169069255446529,2276,3996
706166467411222528,1639,5273
706153300320784384,387,1519
705975130514706432,749,3181
705970349788291072,914,3221
705898680587526145,568,2418
705786532653883392,531,1989
705591895322394625,1177,3247
705475953783398401,940,3021
705442520700944385,1668,4538
705428427625635840,1727,3899
705239209544720384,765,3073
705223444686888960,811,2637
705102439679201280,524,2199
705066031337840642,630,2228
704871453724954624,1137,4367
704859558691414016,553,2304
704847917308362754,1569,5212
704819833553219584,1010,2701
704761120771465216,2970,6779
704499785726889984,1031,2999
704491224099647488,81,778
704480331685040129,1089,3464
704364645503647744,3643,8199
704347321748819968,358,1623
704134088924532736,476,1542
704113298707505153,577,1894
704054845121142784,932,3002
703774238772166656,475,1880
703769065844768768,1166,3358
703631701117943808,699,2652
703611486317502464,1564,3944
703425003149250560,1398,3880
703407252292673536,715,2512
703382836347330562,1163,3594
703356393781329922,395,1953
703268521220972544,558,2011
703079050210877440,3169,7579
703041949650034688,12829,26964
702932127499816960,742,2656
702899151802126337,464,1642
702684942141153280,1097,3312
702671118226825216,571,2253
702598099714314240,3520,12478
702539513671897089,981,2946
702332542343577600,1588,3261
702321140488925184,1063,3356
702276748847800320,785,2532
702217446468493312,1373,4911
701981390485725185,1012,3532
701952816642965504,1051,3913
701889187134500865,1422,3620
701805642395348998,1728,3512
701601587219795968,469,2139
701570477911896070,951,2885
701545186879471618,624,2721
701214700881756160,5247,12526
700890391244103680,578,2265
700864154249383937,633,2654
700847567345688576,515,2510
700796979434098688,975,2498
700747788515020802,9583,23428
700518061187723268,816,2682
700505138482569216,589,2340
700462010979500032,1835,4227
700167517596164096,762,2701
700151421916807169,687,2289
700143752053182464,2803,7710
700062718104104960,709,2717
700029284593901568,602,2126
700002074055016451,1375,3397
699801817392291840,978,3134
699788877217865730,518,2290
699779630832685056,1273,2821
699775878809702401,617,2005
699691744225525762,4735,10520
699446877801091073,2672,6087
699434518667751424,525,2213
699423671849451520,337,1404
699413908797464576,632,2126
699370870310113280,452,1932
699323444782047232,887,3239
699088579889332224,650,2293
699079609774645248,674,2507
699072405256409088,1220,3068
699060279947165696,1848,3863
699036661657767936,1222,2665
698989035503689728,1004,3455
698953797952008193,928,2770
698907974262222848,642,2601
698710712454139905,698,2531
698703483621523456,391,1489
698635131305795584,348,1321
698549713696649216,639,2385
698355670425473025,462,1915
698342080612007937,971,2313
698262614669991936,2049,4875
698195409219559425,6128,17177
698178924120031232,763,2883
697995514407682048,341,1558
697990423684476929,1324,3367
697943111201378304,703,2449
697881462549430272,1216,3091
697630435728322560,551,1796
697616773278015490,1035,3238
697596423848730625,1288,3100
697575480820686848,510,2091
697516214579523584,1149,2122
697482927769255936,692,2473
697463031882764288,1422,3499
697270446429966336,1925,4797
697259378236399616,1028,3368
697255105972801536,1191,3100
697242256848379904,686,2576
696900204696625153,1044,3249
696894894812565505,692,2402
696886256886657024,1848,4982
696877980375769088,722,2499
696754882863349760,370,1519
696744641916489729,963,2121
696713835009417216,666,2429
696518437233913856,1747,3998
696490539101908992,145,1241
696488710901260288,1045,2601
696405997980676096,1181,3280
696100768806522880,674,1984
695816827381944320,1194,3080
695794761660297217,796,3241
695767669421768709,765,1914
695629776980148225,2153,4690
695446424020918272,1857,4497
695409464418041856,3678,8885
695314793360662529,1492,3723
695095422348574720,631,2696
695074328191332352,1131,2916
695064344191721472,605,1634
695051054296211456,802,2727
694925794720792577,941,2767
694905863685980160,957,2820
694669722378485760,14763,36635
694356675654983680,293,1541
694352839993344000,632,2090
694342028726001664,491,1606
694329668942569472,515,2051
694206574471057408,2082,4272
694183373896572928,952,3020
694001791655137281,1053,3481
693993230313091072,414,1918
693942351086120961,376,1779
693647888581312512,605,2758
693644216740769793,126,1374
693642232151285760,418,2600
693629975228977152,812,2509
693622659251335168,378,1577
693590843962331137,2012,5185
693582294167244802,259,1688
693486665285931008,652,1823
693280720173801472,1267,3445
693267061318012928,833,2444
693262851218264065,511,2279
693231807727280129,752,2936
693155686491000832,3284,8069
693109034023534592,639,1760
693095443459342336,478,1909
692919143163629568,771,2725
692905862751522816,894,2487
692901601640583168,616,1815
692894228850999298,825,2323
692828166163931137,904,2946
692752401762250755,3730,6989
692568918515392513,1576,4458
692535307825213440,1398,3262
692530551048294401,423,1881
692423280028966913,233,1514
692417313023332352,3568,9563
692187005137076224,839,2591
692158366030913536,807,2192
692142790915014657,402,1683
692041934689402880,1299,3487
692017291282812928,983,2940
691820333922455552,1706,4050
691793053716221953,4331,8335
691756958957883396,1035,2942
691675652215414786,522,1996
691483041324204033,577,2439
691459709405118465,1170,4143
691444869282295808,869,2717
691416866452082688,7835,19793
691321916024623104,673,2631
691096613310316544,901,3030
691090071332753408,343,1755
690989312272396288,2952,6038
690959652130045952,1281,3676
690938899477221376,2029,4220
690932576555528194,1052,3372
690735892932222976,1301,3875
690728923253055490,528,2229
690690673629138944,829,2381
690649993829576704,287,1341
690607260360429569,17,297
690597161306841088,625,2012
690400367696297985,464,1926
690374419777196032,868,3336
690360449368465409,909,2718
690348396616552449,531,1547
690248561355657216,427,1720
690021994562220032,1053,2864
690015576308211712,755,2572
690005060500217858,1735,3752
689999384604450816,381,1463
689993469801164801,464,1494
689977555533848577,459,1403
689905486972461056,709,2497
689877686181715968,1207,3102
689835978131935233,762,2212
689661964914655233,947,3288
689659372465688576,3991,10618
689623661272240129,655,2279
689599056876867584,5679,11933
689557536375177216,469,2101
689517482558820352,1470,3485
689289219123089408,966,2308
689283819090870273,1134,3361
689280876073582592,729,2031
689275259254616065,248,1179
689255633275777024,1109,2621
689154315265683456,1022,3146
689143371370250240,522,2057
688916208532455424,896,2788
688908934925697024,790,2166
688898160958271489,798,2152
688894073864884227,710,2291
688828561667567616,381,1414
688804835492233216,195,985
688789766343622656,676,2274
688547210804498433,719,2677
688519176466644993,744,2376
688385280030670848,4580,9512
688211956440801280,853,2288
688179443353796608,597,2177
688116655151435777,801,2902
688064179421470721,368,1770
687841446767013888,2586,5608
687826841265172480,1156,2804
687818504314159109,973,2551
687807801670897665,729,2454
687732144991551489,682,1804
687704180304273409,862,2498
687664829264453632,519,1986
687494652870668288,588,1948
687480748861947905,248,1640
687476254459715584,547,2030
687460506001633280,556,2111
687399393394311168,636,1945
687317306314240000,9414,20636
687312378585812992,1947,4465
687127927494963200,2355,5599
687124485711986689,514,2224
687109925361856513,2533,5956
687102708889812993,1008,2395
687096057537363968,617,2298
686947101016735744,3277,8825
686760001961103360,1417,3612
686749460672679938,1490,3568
686730991906516992,1233,4245
686683045143953408,828,2894
686618349602762752,1398,3784
686606069955735556,554,1942
686394059078897668,700,1781
686386521809772549,901,3340
686377065986265092,582,2265
686358356425093120,692,2244
686286779679375361,1699,4101
686050296934563840,741,2257
686035780142297088,121,1185
686034024800862208,1185,3196
686007916130873345,426,2548
686003207160610816,652,1870
685973236358713344,536,2158
685943807276412928,609,1667
685906723014619143,2977,7700
685681090388975616,129,2075
685667379192414208,591,2408
685663452032069632,1500,3336
685641971164143616,804,3011
685547936038666240,16099,33792
685532292383666176,1195,3110
685325112850124800,4081,9712
685321586178670592,664,2716
685315239903100929,1090,3429
685307451701334016,456,2125
685268753634967552,1229,3181
685198997565345792,684,2397
685169283572338688,1462,4211
684969860808454144,381,2430
684959798585110529,3219,6992
684940049151070208,1071,3301
684926975086034944,474,3590
684914660081053696,1501,3596
684902183876321280,545,1924
684880619965411328,840,2153
684830982659280897,22263,35918
684800227459624960,1032,2786
684594889858887680,3623,9139
684588130326986752,1452,4215
684567543613382656,1264,3097
684538444857667585,979,2714
684481074559381504,1205,3979
684460069371654144,571,2027
684241637099323392,3378,8364
684225744407494656,214,1265
684222868335505415,1406,3927
684200372118904832,1060,2218
684195085588783105,525,1962
684188786104872960,1211,3576
684177701129875456,680,2067
684147889187209216,1548,3054
684122891630342144,483,2056
684097758874210310,1470,4223
683857920510050305,1142,3904
683852578183077888,357,1980
683849932751646720,996,2672
683834909291606017,1139,2691
683828599284170753,1094,2869
683773439333797890,1393,3425
683742671509258241,3417,6657
683515932363329536,2974,7517
683498322573824003,987,3241
683481228088049664,1024,2711
683462770029932544,695,2486
683449695444799489,1642,3999
683391852557561860,2461,7825
683357973142474752,953,3006
683142553609318400,1071,2952
683111407806746624,936,3479
683098815881154561,677,2215
683078886620553216,578,2032
683030066213818368,754,2205
682962037429899265,17108,37827
682808988178739200,180,1819
682788441537560576,1140,2533
682750546109968385,449,1553
682697186228989953,369,1343
682662431982772225,1111,3135
682638830361513985,619,2114
682429480204398592,1194,3514
682406705142087680,1812,7770
682393905736888321,696,2288
682389078323662849,476,1705
682303737705140231,1022,3136
682259524040966145,1242,4263
682242692827447297,1202,3338
682088079302213632,10157,18733
682059653698686977,1736,5064
682047327939461121,978,3271
682032003584274432,2070,6750
682003177596559360,1569,3216
681981167097122816,1065,2871
681891461017812993,839,2521
681694085539872773,4178,13092
681679526984871937,458,1811
681654059175129088,953,2702
681610798867845120,484,1949
681579835668455424,1338,3636
681523177663676416,5935,14666
681340665377193984,288,1674
681339448655802368,4200,9513
681320187870711809,771,2707
681302363064414209,1864,4039
681297372102656000,986,3282
681281657291280384,1127,3295
681261549936340994,281,1489
681242418453299201,551,1520
681231109724700672,500,2461
681193455364796417,1527,3784
680970795137544192,676,2477
680959110691590145,2052,4673
680940246314430465,1078,3281
680934982542561280,447,2121
680913438424612864,637,2456
680889648562991104,375,1803
680836378243002368,1358,3535
680805554198020098,679,2202
680801747103793152,837,2429
680798457301471234,1065,2913
680609293079592961,724,2699
680583894916304897,1376,3710
680497766108381184,1967,4329
680494726643068929,496,1761
680473011644985345,759,2604
680440374763077632,512,1483
680221482581123072,298,1491
680206703334408192,1204,2899
680191257256136705,513,2192
680176173301628928,1595,3985
680161097740095489,755,2374
680145970311643136,1784,3692
680130881361686529,970,2333
680115823365742593,929,2770
680100725817409536,1412,3656
680085611152338944,9185,13082
680070545539371008,900,2641
679877062409191424,668,2012
679872969355714560,679,2226
679862121895714818,640,2505
679854723806179328,1260,2920
679844490799091713,782,2420
679828447187857408,14344,37068
679777920601223168,1135,3153
679736210798047232,814,2133
679729593985699840,848,2206
679722016581222400,476,1688
679530280114372609,2130,4875
679527802031484928,738,2694
679511351870550016,1296,3435
679503373272485890,1506,3213
679475951516934144,654,2130
679462823135686656,19278,32369
679405845277462528,1230,2420
679158373988876288,8228,21820
679148763231985668,1051,2830
679132435750195208,1185,3020
679111216690831360,2616,6083
679062614270468097,8332,17351
679047485189439488,687,2290
679001094530465792,1255,2885
678991772295516161,1196,2354
678969228704284672,472,1679
678800283649069056,924,2630
678798276842360832,1194,3515
678774928607469569,931,2856
678767140346941444,1389,3603
678764513869611008,486,1666
678755239630127104,3356,7259
678740035362037760,1715,3821
678708137298427904,2480,5683
678675843183484930,1504,2918
678643457146150913,425,2083
678446151570427904,1589,4077
678424312106393600,2595,5512
678410210315247616,1856,4308
678399652199309312,32423,80562
678396796259975168,422,1619
678389028614488064,434,1899
678380236862578688,928,2483
678341075375947776,545,1752
678334497360859136,260,1321
678278586130948096,6190,11616
678255464182861824,372,1613
678023323247357953,390,1955
678021115718029313,6444,13943
677961670166224897,1711,3473
677918531514703872,421,1376
677895101218201600,2130,4913
677716515794329600,989,3107
677700003327029250,1469,3438
677698403548192770,327,1248
677687604918272002,858,2518
677673981332312066,1523,3373
677662372920729601,975,1967
677644091929329666,809,1884
677573743309385728,728,2158
677565715327688705,470,1312
677557565589463040,1174,2466
677547928504967168,3725,7026
677530072887205888,233,1084
677335745548390400,1815,3075
677334615166730240,290,1367
677331501395156992,237,1104
677328882937298944,1526,3684
677314812125323265,534,1663
677301033169788928,410,1248
677269281705472000,717,2018
677228873407442944,1665,3588
677187300187611136,937,2778
676975532580409345,1091,2817
676957860086095872,818,2253
676949632774234114,398,1324
676948236477857792,871,2201
676946864479084545,376,1743
676942428000112642,763,2101
676936541936185344,4980,12869
676916996760600576,1820,3003
676897532954456065,726,2276
676864501615042560,719,2124
676821958043033607,15814,23290
676819651066732545,678,1826
676811746707918848,430,1433
676776431406465024,2047,5062
676617503762681856,985,2926
676613908052996102,201,1092
676606785097199616,443,1896
676603393314578432,385,1169
676593408224403456,2178,4626
676590572941893632,126,920
676588346097852417,797,2337
676582956622721024,281,1212
676575501977128964,1127,2612
676533798876651520,562,1889
676496375194980353,535,1532
676470639084101634,4720,11708
676440007570247681,675,1736
676430933382295552,347,1408
676263575653122048,555,2094
676237365392908289,290,1232
676219687039057920,31343,76437
676215927814406144,587,1759
676191832485810177,1043,2297
676146341966438401,664,1931
676121918416756736,1167,2178
676101918813499392,1174,2839
676098748976615425,1442,3034
676089483918516224,438,1323
675898130735476737,572,1634
675891555769696257,867,2144
675888385639251968,966,2399
675878199931371520,1408,4204
675870721063669760,572,1648
675853064436391936,1308,2704
675849018447167488,146,942
675845657354215424,888,2290
675822767435051008,538,1530
675820929667219457,234,1054
675798442703122432,3424,10319
675781562965868544,473,1639
675740360753160193,348,1175
675710890956750848,823,1896
675707330206547968,694,1987
675706639471788032,98,646
675534494439489536,420,1828
675531475945709568,387,1189
675522403582218240,289,1043
675517828909424640,466,1294
675501075957489664,5872,17240
675497103322386432,1305,3157
675489971617296384,603,1306
675483430902214656,985,1843
675432746517426176,569,1527
675372240448454658,518,1692
675362609739206656,234,1052
675354435921575936,16996,32793
675349384339542016,2272,3935
675334060156301312,1294,2785
675166823650848770,1605,3626
675153376133427200,2601,6301
675149409102012420,1693,3738
675147105808306176,236,941
675146535592706048,308,1195
675145476954566656,908,2137
675135153782571009,496,1300
675113801096802304,791,1952
675111688094527488,253,964
675109292475830276,1138,2800
675047298674663426,329,1060
675015141583413248,1190,2715
675006312288268288,229,988
675003128568291329,470,1562
674999807681908736,1103,2252
674805413498527744,357,860
674800520222154752,862,3026
674793399141146624,1085,2514
674790488185167872,250,1103
674788554665512960,209,819
674781762103414784,1205,2004
674774481756377088,475,1115
674767892831932416,793,1829
674764817387900928,238,787
674754018082705410,448,1365
674752233200820224,466,1460
674743008475090944,553,1401
674742531037511680,50,488
674739953134403584,389,1104
674737130913071104,93,645
674690135443775488,466,1147
674670581682434048,649,1602
674664755118911488,255,921
674646392044941312,495,1440
674644256330530816,266,1021
674638615994089473,583,1683
674632714662858753,577,1505
674606911342424069,97,939
674468880899788800,2034,6221
674447403907457024,356,1062
674436901579923456,394,1111
674422304705744896,535,1437
674416750885273600,140,681
674410619106390016,464,1198
674394782723014656,575,1507
674372068062928900,315,847
674330906434379776,73,561
674318007229923329,517,1419
674307341513269249,6940,11314
674291837063053312,5881,14708
674271431610523648,733,1571
674269164442398721,227,907
674265582246694913,849,1650
674262580978937856,454,1302
674255168825880576,550,1462
674082852460433408,167,756
674075285688614912,288,983
674063288070742018,2198,6349
674053186244734976,1295,3318
674051556661161984,486,1443
674045139690631169,641,1417
674042553264685056,129,720
674038233588723717,414,1097
674036086168010753,213,846
674024893172875264,1211,1782
674019345211760640,300,1127
674014384960745472,636,1561
674008982932058114,350,1195
673956914389192708,954,1942
673919437611909120,374,1161
673906403526995968,1626,3183
673887867907739649,251,927
673716320723169284,743,3068
673715861853720576,2060,3525
673711475735838725,298,1033
673709992831262724,273,845
673708611235921920,285,1077
673707060090052608,389,1093
673705679337693185,404,1250
673700254269775872,561,1431
673697980713705472,1936,3774
673689733134946305,650,1728
673688752737402881,493,1262
673686845050527744,436,1432
673680198160809984,468,1365
673662677122719744,365,1245
673656262056419329,238,717
673636718965334016,357,1098
673612854080196609,724,1592
673583129559498752,359,1179
673580926094458881,270,829
673576835670777856,557,1380
673363615379013632,306,1018
673359818736984064,666,1441
673355879178194945,569,1482
673352124999274496,534,1646
673350198937153538,212,744
673345638550134785,1256,2491
673343217010679808,270,964
673342308415348736,579,1264
673320132811366400,7847,13395
673317986296586240,256,872
673295268553605120,3149,7475
673270968295534593,365,1057
673240798075449344,726,1411
673213039743795200,834,2231
673148804208660480,623,1677
672997845381865473,717,1964
672995267319328768,290,948
672988786805112832,292,979
672984142909456390,540,1253
672980819271634944,993,1810
672975131468300288,900,1664
672970152493887488,354,941
672968025906282496,543,1307
672964561327235073,636,1411
672902681409806336,503,1352
672898206762672129,424,898
672884426393653248,834,1534
672877615439593473,363,1022
672834301050937345,561,1305
672828477930868736,491,1247
672640509974827008,318,971
672622327801233409,486,1289
672614745925664768,577,1214
672609152938721280,385,1105
672604026190569472,399,1103
672594978741354496,604,1321
672591762242805761,332,942
672591271085670400,180,717
672538107540070400,361,1022
672523490734551040,167,633
672488522314567680,437,1102
672482722825261057,593,1122
672481316919734272,124,712
672475084225949696,695,1421
672466075045466113,534,1348
672272411274932228,3339,6415
672267570918129665,612,1486
672264251789176834,333,1129
672256522047614977,1532,2795
672254177670729728,732,1421
672248013293752320,600,1712
672245253877968896,156,677
672239279297454080,319,889
672231046314901505,997,1813
672222792075620352,210,777
672205392827572224,1145,2248
672169685991993344,366,1010
672160042234327040,353,867
672139350159835138,691,1735
672125275208069120,1129,2381
672095186491711488,368,995
672082170312290304,359,934
672068090318987265,514,1282
671896809300709376,4119,8439
671891728106971137,567,1324
671882082306625538,1367,3439
671879137494245376,668,1405
671874878652489728,550,1236
671866342182637568,486,1106
671855973984772097,437,897
671789708968640512,3454,7008
671768281401958400,503,1182
671763349865160704,907,1660
671744970634719232,760,1345
671743150407421952,233,741
671735591348891648,744,1432
671729906628341761,4307,8431
671561002136281088,7147,12709
671550332464455680,206,904
671547767500775424,589,1341
671544874165002241,1036,1959
671542985629241344,557,1086
671538301157904385,393,922
671536543010570240,401,1161
671533943490011136,570,1011
671528761649688577,260,837
671520732782923777,523,1392
671518598289059840,290,946
671511350426865664,707,1595
671504605491109889,3520,6944
671497587707535361,441,905
671488513339211776,464,1007
671486386088865792,197,575
671485057807351808,229,757
671390180817915904,735,1427
671362598324076544,293,1096
671357843010908160,147,396
671355857343524864,114,479
671347597085433856,422,951
671186162933985280,207,733
671182547775299584,341,1111
671166507850801152,348,866
671163268581498880,1095,1650
671159727754231808,82,370
671154572044468225,216,707
671151324042559489,152,663
671147085991960577,221,665
671141549288370177,654,1149
671138694582165504,399,912
671134062904504320,194,741
671122204919246848,2494,3467
671115716440031232,770,1362
671109016219725825,436,1132
670995969505435648,291,1098
670842764863651840,8590,24381
670840546554966016,193,584
670838202509447168,686,1097
670833812859932673,122,435
670832455012716544,213,726
670826280409919488,4006,5490
670823764196741120,187,764
670822709593571328,93,603
670815497391357952,1522,3148
670811965569282048,268,1115
670807719151067136,490,1148
670804601705242624,951,1937
670803562457407488,87,339
670797304698376195,235,733
670792680469889025,275,824
670789397210615808,240,657
670786190031921152,200,600
670783437142401025,387,816
670782429121134593,760,1549
670780561024270336,287,782
670778058496974848,72,325
670764103623966721,414,1062
670755717859713024,109,435
670733412878163972,507,953
670727704916926465,355,820
670717338665226240,486,1193
670704688707301377,370,766
670691627984359425,242,588
670679630144274432,278,743
670676092097810432,42,245
670668383499735048,4967,10599
670474236058800128,735,1503
670468609693655041,86,350
670465786746662913,544,966
670452855871037440,203,543
670449342516494336,647,1186
670444955656130560,1963,6656
670442337873600512,198,636
670435821946826752,510,1042
670434127938719744,644,1389
670433248821026816,112,325
670428280563085312,613,1368
670427002554466305,161,519
670421925039075328,625,1293
670420569653809152,310,623
670417414769758208,316,565
670411370698022913,882,2006
670408998013820928,221,552
670403879788544000,154,427
670385711116361728,203,553
670374371102445568,268,745
670361874861563904,66,326
670338931251150849,108,419
670319130621435904,1211,3841
670303360680108032,130,428
670290420111441920,283,698
670093938074779648,330,1014
670086499208155136,246,692
670079681849372674,1216,2210
670073503555706880,773,1563
670069087419133954,234,620
670061506722140161,334,756
670055038660800512,332,666
670046952931721218,172,642
670040295598354432,110,750
670037189829525505,271,583
670003130994700288,92,331
669993076832759809,83,323
669972011175813120,158,444
669970042633789440,59,302
669942763794931712,159,499
669926384437997569,100,369
669923323644657664,55,230
669753178989142016,392,804
669749430875258880,65,264
669684865554620416,88,510
669683899023405056,110,385
669682095984410625,132,347
669680153564442624,286,657
669661792646373376,429,799
669625907762618368,1796,3494
669603084620980224,359,941
669597912108789760,151,509
669583744538451968,921,1477
669573570759163904,139,431
669571471778410496,1005,1580
669567591774625800,55,231
669564461267722241,123,381
669393256313184256,75,362
669375718304980992,720,1319
669371483794317312,177,496
669367896104181761,149,456
669363888236994561,223,613
669359674819481600,121,368
669354382627049472,1265,2681
669353438988365824,260,635
669351434509529089,182,432
669328503091937280,416,1011
669327207240699904,115,572
669324657376567296,207,495
669216679721873412,402,1185
669214165781868544,162,434
669203728096960512,469,994
669037058363662336,308,647
669015743032369152,371,736
669006782128353280,245,572
669000397445533696,6301,20700
668994913074286592,226,438
668992363537309700,340,736
668989615043424256,325,674
668988183816871936,461,889
668986018524233728,165,550
668981893510119424,303,532
668979806671884288,344,790
668975677807423489,573,1291
668967877119254528,22,146
668960084974809088,236,698
668955713004314625,71,276
668932921458302977,58,261
668902994700836864,100,315
668892474547511297,149,395
668872652652679168,299,520
668852170888998912,165,450
668826086256599040,135,429
668815180734689280,264,567
668779399630725120,369,701
668655139528511488,216,524
668645506898350081,521,879
668643542311546881,524,870
668641109086707712,533,1067
668636665813057536,482,1032
668633411083464705,1606,2773
668631377374486528,311,707
668627278264475648,112,312
668625577880875008,129,382
668623201287675904,753,1408
668620235289837568,41,198
668614819948453888,313,609
668587383441514497,1056,1661
668567822092664832,52,241
668544745690562560,217,509
668542336805281792,212,448
668537837512433665,72,249
668528771708952576,222,453
668507509523615744,102,319
668496999348633600,128,409
668484198282485761,232,419
668480044826800133,145,451
668466899341221888,508,872
668297328638447616,294,613
668291999406125056,29,239
668286279830867968,135,497
668274247790391296,228,812
668268907921326080,233,548
668256321989451776,600,1289
668248472370458624,475,968
668237644992782336,2814,6118
668226093875376128,102,296
668221241640230912,192,508
668204964695683073,191,553
668190681446379520,194,648
668171859951755264,191,483
668154635664932864,306,485
668142349051129856,278,566
668113020489474048,236,661
667937095915278337,776,1241
667924896115245057,111,295
667915453470232577,55,205
667911425562669056,300,483
667902449697558528,370,840
667886921285246976,1065,1860
667885044254572545,470,806
667878741721415682,116,385
667873844930215936,396,619
667866724293877760,1013,2971
667861340749471744,75,236
667832474953625600,61,290
667806454573760512,483,1042
667801013445750784,95,324
667793409583771648,324,690
667782464991965184,242,404
667773195014021121,55,234
667766675769573376,212,437
667728196545200128,146,374
667724302356258817,313,475
667550904950915073,34,0
667550882905632768,32,0
667549055577362432,2229,5701
667546741521195010,121,333
667544320556335104,513,849
667538891197542400,64,201
667534815156183040,512,807
667530908589760512,234,457
667524857454854144,1088,1667
667517642048163840,188,363
667509364010450944,2085,6685
667502640335572993,216,527
667495797102141441,262,510
667491009379606528,221,525
667470559035432960,96,252
667455448082227200,59,187
667453023279554560,88,304
667443425659232256,561,767
667437278097252352,230,442
667435689202614272,83,303
667405339315146752,217,457
667393430834667520,53,190
667369227918143488,159,358
667211855547486208,239,480
667200525029539841,256,604
667192066997374976,101,377
667188689915760640,401,733
667182792070062081,6033,14096
667177989038297088,55,188
667176164155375616,450,603
667174963120574464,79,238
667171260800061440,85,218
667165590075940865,1108,2632
667160273090932737,61,251
667152164079423490,16574,46807
667138269671505920,2150,4522
667119796878725120,127,323
667090893657276420,122,328
667073648344346624,119,391
667070482143944705,14,82
667065535570550784,44,162
667062181243039745,51,212
667044094246576128,49,181
667012601033924608,215,439
666996132027977728,91,239
666983947667116034,954,2494
666837028449972224,540,795
666835007768551424,77,208
666826780179869698,92,247
666817836334096384,242,503
666804364988780544,88,230
666786068205871104,474,736
666781792255496192,183,375
666776908487630848,170,338
666739327293083650,64,229
666701168228331520,212,423
666691418707132416,46,185
666649482315059201,596,1090
666644823164719104,77,226
666454714377183233,204,503
666447344410484738,19,99
666437273139982337,44,119
666435652385423360,51,160
666430724426358785,182,305
666428276349472768,79,159
666421158376562688,110,308
666418789513326592,44,118
666411507551481857,314,423
666407126856765440,36,102
666396247373291520,80,161
666373753744588802,86,178
666362758909284353,538,748
666353288456101888,71,210
666345417576210432,130,281
666337882303524864,87,188
666293911632134144,329,479
666287406224695296,63,141
666273097616637952,74,165
666268910803644416,32,99
666104133288665088,6179,13792
666102155909144576,11,75
666099513787052032,63,146
666094000022159362,68,158
666082916733198337,42,108
666073100786774016,150,309
666071193221509120,55,139
666063827256086533,202,455
666058600524156928,56,108
666057090499244032,131,279
666055525042405380,226,419
666051853826850816,805,1166
666050758794694657,56,128
666049248165822465,41,102
666044226329800704,135,282
666033412701032449,43,120
666029285002620928,45,124
666020888022790149,481,2477
